-- MySQL dump 10.13  Distrib 5.6.12, for Linux (x86_64)
--
-- Host: localhost    Database: coisa1
-- ------------------------------------------------------
-- Server version	5.6.12

/*!40101 SET @OLD_CHARACTER_SET_CLIENT=@@CHARACTER_SET_CLIENT */;
/*!40101 SET @OLD_CHARACTER_SET_RESULTS=@@CHARACTER_SET_RESULTS */;
/*!40101 SET @OLD_COLLATION_CONNECTION=@@COLLATION_CONNECTION */;
/*!40101 SET NAMES utf8 */;
/*!40103 SET @OLD_TIME_ZONE=@@TIME_ZONE */;
/*!40103 SET TIME_ZONE='+00:00' */;
/*!40014 SET @OLD_UNIQUE_CHECKS=@@UNIQUE_CHECKS, UNIQUE_CHECKS=0 */;
/*!40014 SET @OLD_FOREIGN_KEY_CHECKS=@@FOREIGN_KEY_CHECKS, FOREIGN_KEY_CHECKS=0 */;
/*!40101 SET @OLD_SQL_MODE=@@SQL_MODE, SQL_MODE='NO_AUTO_VALUE_ON_ZERO' */;
/*!40111 SET @OLD_SQL_NOTES=@@SQL_NOTES, SQL_NOTES=0 */;

--
-- Table structure for table `campo`
--

DROP TABLE IF EXISTS `campo`;
/*!40101 SET @saved_cs_client     = @@character_set_client */;
/*!40101 SET character_set_client = utf8 */;
CREATE TABLE `campo` (
  `id` bigint(20) NOT NULL AUTO_INCREMENT,
  `objeto_id` bigint(20) NOT NULL,
  `nome` varchar(45) NOT NULL,
  `tipo` int(11) NOT NULL,
  `ordem` int(11) NOT NULL,
  PRIMARY KEY (`id`),
  KEY `fk_campo_objeto_idx` (`objeto_id`),
  CONSTRAINT `fk_campo_objeto` FOREIGN KEY (`objeto_id`) REFERENCES `objeto` (`id`) ON DELETE CASCADE
) ENGINE=InnoDB AUTO_INCREMENT=9 DEFAULT CHARSET=latin1;
/*!40101 SET character_set_client = @saved_cs_client */;

--
-- Dumping data for table `campo`
--

LOCK TABLES `campo` WRITE;
/*!40000 ALTER TABLE `campo` DISABLE KEYS */;
INSERT INTO `campo` VALUES (1,1,'Nome',1,1),(2,1,'Email',1,2),(3,3,'Numero',1,1),(4,2,'Nome',1,0),(5,6,'Nome',1,0),(6,3,'Nome',1,0),(7,3,'Endereço',1,0),(8,7,'SKU',1,0);
/*!40000 ALTER TABLE `campo` ENABLE KEYS */;
UNLOCK TABLES;

--
-- Table structure for table `chave`
--

DROP TABLE IF EXISTS `chave`;
/*!40101 SET @saved_cs_client     = @@character_set_client */;
/*!40101 SET character_set_client = utf8 */;
CREATE TABLE `chave` (
  `id` bigint(20) NOT NULL AUTO_INCREMENT,
  `objeto_id` bigint(20) DEFAULT NULL,
  PRIMARY KEY (`id`),
  KEY `fk_chave_objeto_idx` (`objeto_id`),
  CONSTRAINT `fk_chave_objeto` FOREIGN KEY (`objeto_id`) REFERENCES `objeto` (`id`) ON UPDATE NO ACTION
) ENGINE=InnoDB AUTO_INCREMENT=3 DEFAULT CHARSET=latin1;
/*!40101 SET character_set_client = @saved_cs_client */;

--
-- Dumping data for table `chave`
--

LOCK TABLES `chave` WRITE;
/*!40000 ALTER TABLE `chave` DISABLE KEYS */;
INSERT INTO `chave` VALUES (1,1),(2,1);
/*!40000 ALTER TABLE `chave` ENABLE KEYS */;
UNLOCK TABLES;

--
-- Table structure for table `objeto`
--

DROP TABLE IF EXISTS `objeto`;
/*!40101 SET @saved_cs_client     = @@character_set_client */;
/*!40101 SET character_set_client = utf8 */;
CREATE TABLE `objeto` (
  `id` bigint(20) NOT NULL AUTO_INCREMENT,
  `nome` varchar(255) DEFAULT NULL,
  PRIMARY KEY (`id`)
) ENGINE=InnoDB AUTO_INCREMENT=8 DEFAULT CHARSET=latin1;
/*!40101 SET character_set_client = @saved_cs_client */;

--
-- Dumping data for table `objeto`
--

LOCK TABLES `objeto` WRITE;
/*!40000 ALTER TABLE `objeto` DISABLE KEYS */;
INSERT INTO `objeto` VALUES (1,'Cliente'),(2,'Fornecedor'),(3,'Empresa'),(4,'Tarefa'),(5,'Tarefa'),(6,'Projeto'),(7,'Produto');
/*!40000 ALTER TABLE `objeto` ENABLE KEYS */;
UNLOCK TABLES;

--
-- Table structure for table `valor`
--

DROP TABLE IF EXISTS `valor`;
/*!40101 SET @saved_cs_client     = @@character_set_client */;
/*!40101 SET character_set_client = utf8 */;
CREATE TABLE `valor` (
  `id` bigint(20) NOT NULL AUTO_INCREMENT,
  `campo_id` bigint(20) NOT NULL,
  `valor_campo` text,
  `chave_id` bigint(20) DEFAULT NULL,
  PRIMARY KEY (`id`),
  KEY `fk_valor_campo_idx` (`campo_id`),
  KEY `fk_valor_chave_idx` (`chave_id`),
  CONSTRAINT `fk_valor_campo` FOREIGN KEY (`campo_id`) REFERENCES `campo` (`id`) ON DELETE CASCADE ON UPDATE NO ACTION,
  CONSTRAINT `fk_valor_chave` FOREIGN KEY (`chave_id`) REFERENCES `chave` (`id`) ON DELETE CASCADE ON UPDATE NO ACTION
) ENGINE=InnoDB AUTO_INCREMENT=3 DEFAULT CHARSET=latin1;
/*!40101 SET character_set_client = @saved_cs_client */;

--
-- Dumping data for table `valor`
--

LOCK TABLES `valor` WRITE;
/*!40000 ALTER TABLE `valor` DISABLE KEYS */;
INSERT INTO `valor` VALUES (1,1,'Fulano',1),(2,1,'Foo',2);
/*!40000 ALTER TABLE `valor` ENABLE KEYS */;
UNLOCK TABLES;

--
-- Table structure for table `widget`
--

DROP TABLE IF EXISTS `widget`;
/*!40101 SET @saved_cs_client     = @@character_set_client */;
/*!40101 SET character_set_client = utf8 */;
CREATE TABLE `widget` (
  `id` int(11) NOT NULL AUTO_INCREMENT,
  `nome` varchar(45) NOT NULL,
  `objeto_id` bigint(20) NOT NULL,
  `tipo` int(11) NOT NULL DEFAULT '0',
  PRIMARY KEY (`id`),
  KEY `fk_widget_objeto_idx` (`objeto_id`),
  CONSTRAINT `fk_widget_objeto` FOREIGN KEY (`objeto_id`) REFERENCES `objeto` (`id`) ON DELETE CASCADE ON UPDATE NO ACTION
) ENGINE=InnoDB DEFAULT CHARSET=latin1;
/*!40101 SET character_set_client = @saved_cs_client */;

--
-- Dumping data for table `widget`
--

LOCK TABLES `widget` WRITE;
/*!40000 ALTER TABLE `widget` DISABLE KEYS */;
/*!40000 ALTER TABLE `widget` ENABLE KEYS */;
UNLOCK TABLES;
/*!40103 SET TIME_ZONE=@OLD_TIME_ZONE */;

/*!40101 SET SQL_MODE=@OLD_SQL_MODE */;
/*!40014 SET FOREIGN_KEY_CHECKS=@OLD_FOREIGN_KEY_CHECKS */;
/*!40014 SET UNIQUE_CHECKS=@OLD_UNIQUE_CHECKS */;
/*!40101 SET CHARACTER_SET_CLIENT=@OLD_CHARACTER_SET_CLIENT */;
/*!40101 SET CHARACTER_SET_RESULTS=@OLD_CHARACTER_SET_RESULTS */;
/*!40101 SET COLLATION_CONNECTION=@OLD_COLLATION_CONNECTION */;
/*!40111 SET SQL_NOTES=@OLD_SQL_NOTES */;

-- Dump completed on 2014-02-11 17:55:46
